{"drug": ["dox", "cpa", "5-fu"], "fit": [[0.1, 1.254, 6.880366505], [0.0, 1.676, 19038.867553741], [0.3, 1.246, 1217.933197264]], "bounds": [[0.1, 100], [10, 200000], [10, 10000]], "stock": [10, 20000, 3000]}